/*
Navicat MySQL Data Transfer

Source Server         : 27
Source Server Version : 50149
Source Host           : st01-nsbk-201106-zf-27.st01.baidu.com:8816
Source Database       : mock

Target Server Type    : MYSQL
Target Server Version : 50149
File Encoding         : 65001

Date: 2014-05-08 18:15:42
*/

SET FOREIGN_KEY_CHECKS=0;
-- ----------------------------
-- Table structure for `base`
-- ----------------------------
DROP TABLE IF EXISTS `base`;
CREATE TABLE `base` (
  `id` int(11) NOT NULL AUTO_INCREMENT,
  `brand_id` int(11) DEFAULT NULL,
  `attention` int(11) DEFAULT NULL,
  `involve` float DEFAULT NULL,
  `asso` float DEFAULT NULL,
  `content` int(11) DEFAULT NULL,
  `impress` float DEFAULT NULL,
  `week_id` int(11) DEFAULT NULL,
  PRIMARY KEY (`id`)
) ENGINE=MyISAM AUTO_INCREMENT=521 DEFAULT CHARSET=utf8;

-- ----------------------------
-- Records of base
-- ----------------------------
INSERT INTO base VALUES ('1', '1', '149880', '1.15008', '0.686545', '12257', '0.7023', '10');
INSERT INTO base VALUES ('2', '2', '432200', '1.55628', '0.4403', '19788', '0.952064', '10');
INSERT INTO base VALUES ('3', '3', '167775', '1.58736', '0.538815', '38520', '1.14699', '10');
INSERT INTO base VALUES ('4', '4', '889005', '0.90252', '0.82059', '89680', '0.72443', '10');
INSERT INTO base VALUES ('5', '5', '58070', '1.62108', '0.74936', '25584', '0.447174', '10');
INSERT INTO base VALUES ('6', '6', '43375', '1.053', '0.65076', '13666', '0.6674', '10');
INSERT INTO base VALUES ('7', '7', '246420', '1.76736', '0.494208', '5966', '0.859137', '10');
INSERT INTO base VALUES ('8', '8', '76700', '1.77636', '0.90288', '21483', '0.973309', '10');
INSERT INTO base VALUES ('9', '9', '362740', '1.4053', '1.15007', '12625', '0.504668', '10');
INSERT INTO base VALUES ('10', '10', '625600', '0.895735', '0.897072', '69113', '0.43288', '10');
INSERT INTO base VALUES ('11', '11', '122870', '0.946335', '0.566808', '8177', '0.523124', '10');
INSERT INTO base VALUES ('12', '12', '71800', '1.36873', '1.13036', '96216', '0.80561', '10');
INSERT INTO base VALUES ('13', '13', '97660', '1.31318', '0.501652', '28855', '0.576912', '10');
INSERT INTO base VALUES ('14', '14', '93640', '1.58539', '0.999818', '33564', '0.779931', '10');
INSERT INTO base VALUES ('15', '15', '76390', '1.66853', '0.433343', '19100', '0.862785', '10');
INSERT INTO base VALUES ('16', '16', '1164320', '1.52455', '0.643416', '161733', '0.417417', '10');
INSERT INTO base VALUES ('17', '17', '122040', '1.43578', '0.612955', '12113', '0.422856', '10');
INSERT INTO base VALUES ('18', '18', '622800', '1.21438', '1.19196', '37056', '0.476031', '10');
INSERT INTO base VALUES ('19', '19', '235980', '1.02925', '0.696453', '63114', '0.538048', '10');
INSERT INTO base VALUES ('20', '20', '91710', '1.29788', '1.06954', '26614', '0.824293', '10');
INSERT INTO base VALUES ('21', '1', '120370', '1.14984', '0.572985', '13390', '0.58932', '11');
INSERT INTO base VALUES ('22', '2', '344080', '0.7728', '0.598995', '28470', '0.509888', '11');
INSERT INTO base VALUES ('23', '3', '155640', '1.24704', '0.89046', '31695', '0.536998', '11');
INSERT INTO base VALUES ('24', '4', '707070', '1.3986', '0.666485', '101050', '0.55468', '11');
INSERT INTO base VALUES ('25', '5', '149010', '1.70592', '1.21932', '14124', '0.325269', '11');
INSERT INTO base VALUES ('26', '6', '61765', '1.37016', '1.23957', '8314', '0.934502', '11');
INSERT INTO base VALUES ('27', '7', '114780', '1.00548', '1.01077', '11725', '0.519979', '11');
INSERT INTO base VALUES ('28', '8', '81240', '1.18476', '1.18826', '27504', '0.764821', '11');
INSERT INTO base VALUES ('29', '9', '264530', '1.06306', '1.29765', '14248', '0.530441', '11');
INSERT INTO base VALUES ('30', '10', '542900', '1.49603', '0.692208', '115665', '0.59689', '11');
INSERT INTO base VALUES ('31', '11', '100030', '0.600875', '1.28286', '11868', '0.509796', '11');
INSERT INTO base VALUES ('32', '12', '28180', '1.34389', '0.797808', '106504', '0.341185', '11');
INSERT INTO base VALUES ('33', '13', '56550', '1.48775', '1.10465', '45715', '0.591472', '11');
INSERT INTO base VALUES ('34', '14', '120540', '0.763255', '1.07775', '33240', '0.82821', '11');
INSERT INTO base VALUES ('35', '15', '80700', '1.60851', '0.852576', '11900', '0.665154', '11');
INSERT INTO base VALUES ('36', '16', '1047200', '1.06007', '0.705998', '124729', '1.12689', '11');
INSERT INTO base VALUES ('37', '17', '67140', '1.27064', '1.00023', '8252', '0.655488', '11');
INSERT INTO base VALUES ('38', '18', '565380', '1.57225', '1.10257', '42465', '0.763485', '11');
INSERT INTO base VALUES ('39', '19', '280890', '0.763875', '0.55029', '38496', '0.640448', '11');
INSERT INTO base VALUES ('40', '20', '132075', '1.2945', '0.469282', '13782', '0.607072', '11');
INSERT INTO base VALUES ('41', '1', '146800', '0.76848', '1.01184', '7380', '0.73314', '12');
INSERT INTO base VALUES ('42', '2', '236600', '0.63324', '0.578085', '28887', '0.338112', '12');
INSERT INTO base VALUES ('43', '3', '147765', '1.06884', '1.1719', '30855', '0.63371', '12');
INSERT INTO base VALUES ('44', '4', '740545', '1.04892', '0.762705', '121810', '0.54404', '12');
INSERT INTO base VALUES ('45', '5', '85920', '1.01892', '0.84252', '25210', '0.817803', '12');
INSERT INTO base VALUES ('46', '6', '47250', '0.99948', '1.11619', '6735', '0.696652', '12');
INSERT INTO base VALUES ('47', '7', '152260', '0.9426', '1.22197', '6693', '0.970973', '12');
INSERT INTO base VALUES ('48', '8', '115210', '1.0266', '1.03893', '44118', '0.798255', '12');
INSERT INTO base VALUES ('49', '9', '328615', '1.33607', '0.904552', '6643', '0.831978', '12');
INSERT INTO base VALUES ('50', '10', '1448900', '1.35229', '0.842512', '85162', '0.95039', '12');
INSERT INTO base VALUES ('51', '11', '107170', '1.05938', '0.752576', '11290', '0.4862', '12');
INSERT INTO base VALUES ('52', '12', '56910', '1.66831', '1.17049', '73408', '0.893425', '12');
INSERT INTO base VALUES ('53', '13', '132830', '1.37402', '0.675703', '63570', '0.495824', '12');
INSERT INTO base VALUES ('54', '14', '132630', '0.60398', '0.790658', '16923', '0.480054', '12');
INSERT INTO base VALUES ('55', '15', '76790', '0.76958', '1.13918', '13360', '0.544131', '12');
INSERT INTO base VALUES ('56', '16', '468400', '1.41209', '0.904617', '130955', '1.15138', '12');
INSERT INTO base VALUES ('57', '17', '107680', '0.686435', '1.11087', '6596', '0.592632', '12');
INSERT INTO base VALUES ('58', '18', '540240', '1.774', '1.16026', '31209', '0.927291', '12');
INSERT INTO base VALUES ('59', '19', '322500', '1.73112', '0.985791', '32232', '0.825216', '12');
INSERT INTO base VALUES ('60', '20', '197925', '0.77425', '0.857141', '18302', '0.785497', '12');
INSERT INTO base VALUES ('61', '1', '120300', '1.47372', '0.885615', '6760', '0.41688', '13');
INSERT INTO base VALUES ('62', '2', '488200', '1.37628', '1.27287', '43461', '0.419712', '13');
INSERT INTO base VALUES ('63', '3', '143160', '1.78008', '1.00326', '36500', '0.514514', '13');
INSERT INTO base VALUES ('64', '4', '447915', '1.57092', '0.52802', '136520', '0.59976', '13');
INSERT INTO base VALUES ('65', '5', '51630', '1.20636', '0.55046', '17254', '0.500283', '13');
INSERT INTO base VALUES ('66', '6', '56680', '1.47612', '0.889592', '14136', '1.00202', '13');
INSERT INTO base VALUES ('67', '7', '168900', '0.6228', '0.580888', '10721', '0.927465', '13');
INSERT INTO base VALUES ('68', '8', '127110', '1.40736', '0.850256', '38553', '0.863079', '13');
INSERT INTO base VALUES ('69', '9', '273910', '1.09503', '0.9328', '5653', '0.957364', '13');
INSERT INTO base VALUES ('70', '10', '1272700', '1.25327', '0.572', '68156', '0.92281', '13');
INSERT INTO base VALUES ('71', '11', '85440', '1.68406', '0.93324', '9298', '0.354008', '13');
INSERT INTO base VALUES ('72', '12', '61210', '0.78821', '1.09692', '79080', '0.81939', '13');
INSERT INTO base VALUES ('73', '13', '96880', '1.43807', '0.734052', '68210', '0.71848', '13');
INSERT INTO base VALUES ('74', '14', '110590', '0.883545', '1.00613', '18567', '0.679839', '13');
INSERT INTO base VALUES ('75', '15', '110970', '0.6325', '0.824854', '11382', '0.380646', '13');
INSERT INTO base VALUES ('76', '16', '655680', '1.04558', '0.747996', '116820', '0.488026', '13');
INSERT INTO base VALUES ('77', '17', '113060', '1.62449', '0.498249', '13871', '0.371088', '13');
INSERT INTO base VALUES ('78', '18', '839280', '0.744875', '1.16258', '23799', '0.733125', '13');
INSERT INTO base VALUES ('79', '19', '177540', '0.9735', '1.22558', '66708', '0.32576', '13');
INSERT INTO base VALUES ('80', '20', '146325', '0.872875', '0.623828', '19456', '0.870287', '13');
INSERT INTO base VALUES ('81', '1', '63940', '1.611', '0.48705', '6919', '0.49848', '14');
INSERT INTO base VALUES ('82', '2', '435520', '0.6624', '0.78948', '22494', '0.429696', '14');
INSERT INTO base VALUES ('83', '3', '164925', '0.83748', '1.13934', '52355', '0.640332', '14');
INSERT INTO base VALUES ('84', '4', '354575', '1.14624', '0.92055', '94620', '0.47257', '14');
INSERT INTO base VALUES ('85', '5', '115310', '1.60008', '1.19969', '13650', '0.571473', '14');
INSERT INTO base VALUES ('86', '6', '61060', '0.64296', '0.764544', '13403', '0.697007', '14');
INSERT INTO base VALUES ('87', '7', '213500', '0.95448', '0.695816', '9147', '0.42486', '14');
INSERT INTO base VALUES ('88', '8', '79340', '0.948', '1.31173', '23463', '0.517862', '14');
INSERT INTO base VALUES ('89', '9', '239155', '0.675395', '1.17955', '10259', '0.651354', '14');
INSERT INTO base VALUES ('90', '10', '643500', '0.833865', '1.2151', '152009', '0.54208', '14');
INSERT INTO base VALUES ('91', '11', '59620', '1.67555', '0.652784', '14176', '0.709988', '14');
INSERT INTO base VALUES ('92', '12', '26810', '0.83214', '0.591008', '40656', '0.41379', '14');
INSERT INTO base VALUES ('93', '13', '93960', '1.45302', '0.527465', '41500', '0.69412', '14');
INSERT INTO base VALUES ('94', '14', '125660', '1.29329', '1.11743', '41757', '0.613263', '14');
INSERT INTO base VALUES ('95', '15', '107350', '1.38863', '0.654455', '11266', '0.898884', '14');
INSERT INTO base VALUES ('96', '16', '777200', '1.41082', '0.867765', '149985', '1.15023', '14');
INSERT INTO base VALUES ('97', '17', '104310', '1.19197', '0.897064', '12211', '0.856944', '14');
INSERT INTO base VALUES ('98', '18', '880620', '1.43763', '0.483392', '22890', '0.499974', '14');
INSERT INTO base VALUES ('99', '19', '314850', '0.91525', '0.704255', '50022', '0.592192', '14');
INSERT INTO base VALUES ('100', '20', '204180', '1.078', '1.18956', '18486', '0.493124', '14');
INSERT INTO base VALUES ('101', '1', '64290', '0.9444', '1.20062', '5243', '0.77046', '15');
INSERT INTO base VALUES ('102', '2', '428240', '0.95724', '0.891395', '30519', '0.424832', '15');
INSERT INTO base VALUES ('103', '3', '97125', '1.56672', '0.982685', '31575', '1.05413', '15');
INSERT INTO base VALUES ('104', '4', '891020', '0.79272', '0.74953', '92930', '1.03166', '15');
INSERT INTO base VALUES ('105', '5', '101080', '1.71108', '0.58514', '18220', '0.876456', '15');
INSERT INTO base VALUES ('106', '6', '59035', '1.20108', '1.20366', '7025', '0.92442', '15');
INSERT INTO base VALUES ('107', '7', '171800', '1.48056', '0.892848', '5606', '0.804679', '15');
INSERT INTO base VALUES ('108', '8', '117550', '1.60464', '1.28902', '20091', '0.382885', '15');
INSERT INTO base VALUES ('109', '9', '385280', '1.60851', '1.26421', '6491', '0.919024', '15');
INSERT INTO base VALUES ('110', '10', '945700', '0.82064', '1.26623', '143429', '0.69097', '15');
INSERT INTO base VALUES ('111', '11', '57620', '1.16127', '0.935088', '8231', '0.514148', '15');
INSERT INTO base VALUES ('112', '12', '25030', '0.826965', '0.56628', '64144', '0.42952', '15');
INSERT INTO base VALUES ('113', '13', '52730', '1.34849', '0.903621', '48565', '0.310632', '15');
INSERT INTO base VALUES ('114', '14', '101710', '0.90643', '0.480985', '25299', '0.666672', '15');
INSERT INTO base VALUES ('115', '15', '146870', '1.17898', '0.698445', '14368', '0.773766', '15');
INSERT INTO base VALUES ('116', '16', '1144960', '1.17771', '0.745921', '125290', '0.830291', '15');
INSERT INTO base VALUES ('117', '17', '127510', '1.64208', '0.94039', '14826', '0.367488', '15');
INSERT INTO base VALUES ('118', '18', '364200', '1.44738', '0.541243', '38682', '0.990909', '15');
INSERT INTO base VALUES ('119', '19', '428640', '1.02925', '1.15835', '61764', '0.754688', '15');
INSERT INTO base VALUES ('120', '20', '176940', '1.3725', '1.21977', '10082', '0.336171', '15');
INSERT INTO base VALUES ('121', '1', '134240', '1.52928', '0.89301', '10258', '0.89502', '16');
INSERT INTO base VALUES ('122', '2', '229240', '1.29708', '0.871335', '23874', '0.715328', '16');
INSERT INTO base VALUES ('123', '3', '163680', '1.58472', '1.13977', '55365', '1.14445', '16');
INSERT INTO base VALUES ('124', '4', '748605', '0.63648', '0.980135', '139280', '0.52213', '16');
INSERT INTO base VALUES ('125', '5', '69900', '0.6576', '0.74477', '27880', '0.381654', '16');
INSERT INTO base VALUES ('126', '6', '31415', '0.64704', '0.575432', '11942', '0.862082', '16');
INSERT INTO base VALUES ('127', '7', '263840', '1.02648', '1.10458', '10626', '0.549325', '16');
INSERT INTO base VALUES ('128', '8', '137180', '1.4214', '0.921536', '20457', '0.901039', '16');
INSERT INTO base VALUES ('129', '9', '385770', '1.65025', '0.700392', '10772', '0.401221', '16');
INSERT INTO base VALUES ('130', '10', '626900', '1.26431', '1.06172', '156827', '0.86443', '16');
INSERT INTO base VALUES ('131', '11', '90830', '1.3478', '0.834064', '7504', '0.83028', '16');
INSERT INTO base VALUES ('132', '12', '69500', '0.687815', '0.61072', '87616', '0.623675', '16');
INSERT INTO base VALUES ('133', '13', '140230', '1.40392', '0.697117', '71835', '0.583072', '16');
INSERT INTO base VALUES ('134', '14', '52190', '0.85077', '1.22765', '17349', '0.846963', '16');
INSERT INTO base VALUES ('135', '15', '122140', '1.05823', '0.84909', '17240', '0.836451', '16');
INSERT INTO base VALUES ('136', '16', '670560', '1.52973', '0.443137', '84414', '0.834911', '16');
INSERT INTO base VALUES ('137', '17', '51030', '1.10941', '0.825933', '8718', '0.42372', '16');
INSERT INTO base VALUES ('138', '18', '680160', '1.7575', '1.09079', '29097', '0.943644', '16');
INSERT INTO base VALUES ('139', '19', '168630', '0.867875', '0.919225', '49278', '0.495488', '16');
INSERT INTO base VALUES ('140', '20', '127110', '0.641375', '1.0678', '29838', '0.372527', '16');
INSERT INTO base VALUES ('141', '1', '108760', '1.2636', '0.83045', '7923', '0.73962', '17');
INSERT INTO base VALUES ('142', '2', '338640', '0.64332', '1.10066', '17235', '0.714816', '17');
INSERT INTO base VALUES ('143', '3', '104430', '1.3578', '1.01456', '74440', '0.742896', '17');
INSERT INTO base VALUES ('144', '4', '569400', '1.13172', '0.550715', '139380', '0.61789', '17');
INSERT INTO base VALUES ('145', '5', '142520', '0.81012', '0.978945', '27606', '0.816543', '17');
INSERT INTO base VALUES ('146', '6', '33440', '1.48812', '0.992816', '10851', '0.908232', '17');
INSERT INTO base VALUES ('147', '7', '204080', '1.095', '0.643104', '6500', '0.878555', '17');
INSERT INTO base VALUES ('148', '8', '120020', '1.45392', '0.607464', '21459', '0.75701', '17');
INSERT INTO base VALUES ('149', '9', '363475', '1.49603', '1.21757', '9898', '0.528524', '17');
INSERT INTO base VALUES ('150', '10', '701700', '1.45521', '0.57024', '145090', '0.88697', '17');
INSERT INTO base VALUES ('151', '11', '68930', '1.5195', '0.651024', '13812', '0.77826', '17');
INSERT INTO base VALUES ('152', '12', '27400', '0.69529', '0.736472', '96176', '0.521885', '17');
INSERT INTO base VALUES ('153', '13', '132640', '0.80086', '1.16665', '38070', '0.8204', '17');
INSERT INTO base VALUES ('154', '14', '77800', '1.47257', '0.549045', '27036', '0.845481', '17');
INSERT INTO base VALUES ('155', '15', '59310', '0.985435', '0.868097', '22870', '0.839601', '17');
INSERT INTO base VALUES ('156', '16', '908480', '0.95979', '0.757624', '149655', '0.886655', '17');
INSERT INTO base VALUES ('157', '17', '115410', '0.86135', '0.467954', '6982', '0.866808', '17');
INSERT INTO base VALUES ('158', '18', '772440', '0.772625', '0.576518', '33528', '0.476997', '17');
INSERT INTO base VALUES ('159', '19', '418230', '0.634375', '1.22757', '66294', '0.873088', '17');
INSERT INTO base VALUES ('160', '20', '204060', '0.981375', '0.449611', '23518', '0.5368', '17');
INSERT INTO base VALUES ('161', '1', '129960', '1.4226', '0.916215', '12011', '0.62676', '18');
INSERT INTO base VALUES ('162', '2', '372160', '1.61136', '0.621435', '34803', '0.850816', '18');
INSERT INTO base VALUES ('163', '3', '105375', '1.58712', '1.00768', '47255', '0.969969', '18');
INSERT INTO base VALUES ('164', '4', '766090', '1.32204', '1.05375', '103780', '1.04188', '18');
INSERT INTO base VALUES ('165', '5', '96830', '1.5804', '1.02476', '13358', '0.809298', '18');
INSERT INTO base VALUES ('166', '6', '65065', '1.26924', '1.02441', '7806', '0.385672', '18');
INSERT INTO base VALUES ('167', '7', '233160', '1.58868', '1.08636', '12588', '0.431211', '18');
INSERT INTO base VALUES ('168', '8', '110980', '0.92568', '1.23614', '33276', '0.743505', '18');
INSERT INTO base VALUES ('169', '9', '335965', '1.21728', '0.98208', '7028', '0.964748', '18');
INSERT INTO base VALUES ('170', '10', '528000', '0.946565', '0.662904', '144232', '1.04965', '18');
INSERT INTO base VALUES ('171', '11', '73190', '0.69966', '0.513744', '14603', '0.897328', '18');
INSERT INTO base VALUES ('172', '12', '38205', '0.708975', '0.786016', '97976', '0.62777', '18');
INSERT INTO base VALUES ('173', '13', '84210', '0.81765', '1.06846', '34455', '0.71512', '18');
INSERT INTO base VALUES ('174', '14', '77570', '1.57148', '0.705749', '40224', '0.307857', '18');
INSERT INTO base VALUES ('175', '15', '141160', '0.65504', '0.908933', '24048', '0.43092', '18');
INSERT INTO base VALUES ('176', '16', '919920', '1.08227', '0.497253', '58322', '0.48433', '18');
INSERT INTO base VALUES ('177', '17', '139900', '1.66922', '1.05294', '13094', '0.3762', '18');
INSERT INTO base VALUES ('178', '18', '786000', '0.768375', '0.803191', '31449', '0.443049', '18');
INSERT INTO base VALUES ('179', '19', '155640', '0.738875', '0.773643', '35826', '0.663936', '18');
INSERT INTO base VALUES ('180', '20', '124845', '1.57788', '0.759616', '13228', '0.607377', '18');
INSERT INTO base VALUES ('181', '1', '85540', '1.76496', '1.25749', '13545', '0.46182', '19');
INSERT INTO base VALUES ('182', '2', '371840', '0.63432', '0.44557', '40236', '0.520384', '19');
INSERT INTO base VALUES ('183', '3', '203055', '0.9672', '1.15124', '68135', '0.664048', '19');
INSERT INTO base VALUES ('184', '4', '741065', '0.89376', '0.809965', '145780', '0.37912', '19');
INSERT INTO base VALUES ('185', '5', '57430', '1.58784', '0.858925', '11834', '0.875448', '19');
INSERT INTO base VALUES ('186', '6', '39255', '1.2102', '1.31058', '10488', '0.668962', '19');
INSERT INTO base VALUES ('187', '7', '163340', '1.03848', '0.503536', '6689', '0.499831', '19');
INSERT INTO base VALUES ('188', '8', '81570', '1.6002', '0.63448', '40257', '0.403033', '19');
INSERT INTO base VALUES ('189', '9', '361375', '0.771995', '0.974952', '11951', '0.427136', '19');
INSERT INTO base VALUES ('190', '10', '1454500', '1.49235', '1.00346', '153714', '0.78561', '19');
INSERT INTO base VALUES ('191', '11', '58220', '1.64163', '0.81092', '6612', '0.981988', '19');
INSERT INTO base VALUES ('192', '12', '73470', '1.40817', '0.527912', '106440', '0.519675', '19');
INSERT INTO base VALUES ('193', '13', '113960', '1.66853', '0.97608', '36575', '0.305312', '19');
INSERT INTO base VALUES ('194', '14', '129320', '1.11941', '0.433675', '36747', '0.693234', '19');
INSERT INTO base VALUES ('195', '15', '59250', '1.20186', '0.726914', '19264', '0.726516', '19');
INSERT INTO base VALUES ('196', '16', '456560', '0.86296', '0.967697', '115698', '0.540309', '19');
INSERT INTO base VALUES ('197', '17', '103770', '1.48247', '0.953006', '5528', '0.981792', '19');
INSERT INTO base VALUES ('198', '18', '648420', '1.171', '1.05601', '20121', '0.490452', '19');
INSERT INTO base VALUES ('199', '19', '156870', '1.63888', '1.16358', '63180', '0.766144', '19');
INSERT INTO base VALUES ('200', '20', '102510', '1.00162', '1.00604', '17960', '0.823927', '19');
INSERT INTO base VALUES ('201', '1', '53500', '1.62924', '1.05689', '14878', '0.31812', '1');
INSERT INTO base VALUES ('202', '2', '486560', '1.7736', '0.851275', '26943', '0.340736', '1');
INSERT INTO base VALUES ('203', '3', '190725', '1.10052', '0.522665', '37430', '0.763301', '1');
INSERT INTO base VALUES ('204', '4', '415350', '1.50768', '0.900405', '90440', '0.72499', '1');
INSERT INTO base VALUES ('205', '5', '146730', '1.47204', '0.537285', '11660', '0.367731', '1');
INSERT INTO base VALUES ('206', '6', '51350', '0.84528', '0.948728', '9305', '0.465831', '1');
INSERT INTO base VALUES ('207', '7', '295600', '1.665', '0.698456', '12516', '0.50881', '1');
INSERT INTO base VALUES ('208', '8', '143330', '0.98952', '1.30706', '21534', '0.579328', '1');
INSERT INTO base VALUES ('209', '9', '240835', '1.70396', '1.14189', '13365', '0.642266', '1');
INSERT INTO base VALUES ('210', '10', '942900', '1.02833', '0.505296', '142153', '0.71932', '1');
INSERT INTO base VALUES ('211', '11', '76980', '0.815235', '1.12974', '9505', '0.962948', '1');
INSERT INTO base VALUES ('212', '12', '55415', '0.60214', '1.0589', '95064', '0.596375', '1');
INSERT INTO base VALUES ('213', '13', '78680', '0.608465', '0.858469', '51155', '0.564144', '1');
INSERT INTO base VALUES ('214', '14', '58420', '0.879635', '0.650803', '35574', '0.732849', '1');
INSERT INTO base VALUES ('215', '15', '78520', '1.0795', '0.800867', '12858', '0.472815', '1');
INSERT INTO base VALUES ('216', '16', '436480', '1.40346', '1.2411', '141867', '1.04728', '1');
INSERT INTO base VALUES ('217', '17', '147100', '1.29824', '0.490198', '6576', '0.961992', '1');
INSERT INTO base VALUES ('218', '18', '373680', '1.40712', '0.499162', '39129', '0.440013', '1');
INSERT INTO base VALUES ('219', '19', '309690', '0.711125', '1.22433', '81762', '0.729152', '1');
INSERT INTO base VALUES ('220', '20', '134310', '1.73575', '0.828008', '27468', '0.378322', '1');
INSERT INTO base VALUES ('221', '1', '77830', '1.15488', '0.97563', '8595', '0.83286', '20');
INSERT INTO base VALUES ('222', '2', '440720', '0.72408', '1.21023', '36213', '0.402368', '20');
INSERT INTO base VALUES ('223', '3', '224460', '0.89964', '0.436985', '26805', '0.922614', '20');
INSERT INTO base VALUES ('224', '4', '339105', '1.17696', '0.915535', '58050', '0.63028', '20');
INSERT INTO base VALUES ('225', '5', '102550', '1.1838', '0.609535', '16256', '0.677817', '20');
INSERT INTO base VALUES ('226', '6', '59460', '1.53312', '1.09226', '13437', '0.798608', '20');
INSERT INTO base VALUES ('227', '7', '172500', '0.77712', '0.798336', '13142', '0.796795', '20');
INSERT INTO base VALUES ('228', '8', '121250', '0.87768', '1.21185', '26355', '0.688244', '20');
INSERT INTO base VALUES ('229', '9', '524440', '0.86779', '0.639496', '8952', '0.527317', '20');
INSERT INTO base VALUES ('230', '10', '1031600', '0.70012', '0.723624', '139436', '0.56462', '20');
INSERT INTO base VALUES ('231', '11', '89590', '0.72956', '0.643544', '9578', '0.455056', '20');
INSERT INTO base VALUES ('232', '12', '63480', '1.19324', '1.12869', '90232', '0.763555', '20');
INSERT INTO base VALUES ('233', '13', '114720', '1.21946', '0.684418', '62675', '0.537488', '20');
INSERT INTO base VALUES ('234', '14', '83360', '0.81075', '1.11677', '34551', '0.437475', '20');
INSERT INTO base VALUES ('235', '15', '118490', '1.57768', '0.498083', '25244', '0.486297', '20');
INSERT INTO base VALUES ('236', '16', '632880', '0.770385', '1.11967', '147202', '0.866019', '20');
INSERT INTO base VALUES ('237', '17', '134920', '1.65186', '1.11253', '7451', '0.869256', '20');
INSERT INTO base VALUES ('238', '18', '517380', '1.50525', '0.558341', '41214', '0.398061', '20');
INSERT INTO base VALUES ('239', '19', '327720', '0.818125', '0.423715', '70842', '0.697216', '20');
INSERT INTO base VALUES ('240', '20', '181185', '1.47238', '0.855066', '11168', '0.630008', '20');
INSERT INTO base VALUES ('241', '1', '56010', '0.89148', '0.592025', '11943', '0.6399', '21');
INSERT INTO base VALUES ('242', '2', '529280', '0.67668', '0.551565', '29781', '0.57664', '21');
INSERT INTO base VALUES ('243', '3', '129285', '1.32804', '0.9469', '66495', '0.582428', '21');
INSERT INTO base VALUES ('244', '4', '754975', '1.0704', '0.738735', '66710', '0.88543', '21');
INSERT INTO base VALUES ('245', '5', '140940', '1.43244', '0.878815', '17692', '0.554274', '21');
INSERT INTO base VALUES ('246', '6', '64695', '0.65976', '1.18791', '11098', '1.01289', '21');
INSERT INTO base VALUES ('247', '7', '212580', '0.954', '0.994488', '14824', '0.444716', '21');
INSERT INTO base VALUES ('248', '8', '88900', '1.10976', '0.71808', '38418', '0.437562', '21');
INSERT INTO base VALUES ('249', '9', '315910', '0.840075', '0.573232', '12042', '0.984699', '21');
INSERT INTO base VALUES ('250', '10', '777800', '0.87101', '0.544192', '155815', '0.88165', '21');
INSERT INTO base VALUES ('251', '11', '105240', '0.80638', '0.847176', '11170', '0.367812', '21');
INSERT INTO base VALUES ('252', '12', '33565', '0.630085', '0.573496', '77152', '0.48451', '21');
INSERT INTO base VALUES ('253', '13', '123910', '0.61341', '0.819874', '70600', '0.441952', '21');
INSERT INTO base VALUES ('254', '14', '56830', '1.54434', '0.475175', '24813', '0.50844', '21');
INSERT INTO base VALUES ('255', '15', '93190', '1.28191', '0.951014', '29472', '0.775593', '21');
INSERT INTO base VALUES ('256', '16', '644800', '0.880095', '0.686244', '91311', '0.569954', '21');
INSERT INTO base VALUES ('257', '17', '65270', '1.28225', '0.943627', '8914', '1.01167', '21');
INSERT INTO base VALUES ('258', '18', '502860', '1.21137', '0.451271', '19605', '0.929568', '21');
INSERT INTO base VALUES ('259', '19', '394260', '0.920375', '0.900135', '85584', '0.874112', '21');
INSERT INTO base VALUES ('260', '20', '161325', '1.50075', '0.691722', '29126', '0.903288', '21');
INSERT INTO base VALUES ('261', '1', '137090', '0.74328', '0.593215', '13514', '0.82866', '22');
INSERT INTO base VALUES ('262', '2', '357480', '0.97056', '1.14937', '39654', '0.787008', '22');
INSERT INTO base VALUES ('263', '3', '90795', '1.28604', '0.99671', '57995', '0.666435', '22');
INSERT INTO base VALUES ('264', '4', '928655', '1.13748', '0.97563', '117750', '0.70686', '22');
INSERT INTO base VALUES ('265', '5', '69710', '1.0116', '0.49181', '12052', '0.369117', '22');
INSERT INTO base VALUES ('266', '6', '54700', '1.7208', '0.918984', '7774', '0.937981', '22');
INSERT INTO base VALUES ('267', '7', '119220', '1.29336', '1.19742', '14541', '1.05127', '22');
INSERT INTO base VALUES ('268', '8', '88580', '1.7904', '1.00206', '37911', '0.5548', '22');
INSERT INTO base VALUES ('269', '9', '486010', '1.29685', '0.514448', '13696', '0.664205', '22');
INSERT INTO base VALUES ('270', '10', '1221800', '1.34148', '0.976976', '93654', '0.57015', '22');
INSERT INTO base VALUES ('271', '11', '58180', '1.07146', '1.01332', '13289', '0.986476', '22');
INSERT INTO base VALUES ('272', '12', '38955', '1.52501', '0.889152', '66072', '0.71318', '22');
INSERT INTO base VALUES ('273', '13', '127460', '0.92759', '0.692884', '61630', '0.691208', '22');
INSERT INTO base VALUES ('274', '14', '104850', '0.76222', '1.17113', '44643', '0.52269', '22');
INSERT INTO base VALUES ('275', '15', '116230', '1.45015', '0.752312', '14670', '0.800793', '22');
INSERT INTO base VALUES ('276', '16', '439040', '1.57136', '0.878887', '158257', '0.488642', '22');
INSERT INTO base VALUES ('277', '17', '105020', '1.59321', '0.745091', '11000', '0.883656', '22');
INSERT INTO base VALUES ('278', '18', '830700', '1.83138', '1.0502', '38847', '0.663849', '22');
INSERT INTO base VALUES ('279', '19', '157800', '1.57225', '0.572949', '37782', '0.508096', '22');
INSERT INTO base VALUES ('280', '20', '159270', '1.0595', '0.995336', '27104', '0.803126', '22');
INSERT INTO base VALUES ('281', '1', '79440', '1.68492', '0.68748', '6530', '0.41154', '23');
INSERT INTO base VALUES ('282', '2', '359960', '0.9624', '0.82365', '39885', '0.814848', '23');
INSERT INTO base VALUES ('283', '3', '137490', '0.62076', '0.649485', '44685', '0.996611', '23');
INSERT INTO base VALUES ('284', '4', '881855', '0.71376', '0.451095', '115430', '0.43568', '23');
INSERT INTO base VALUES ('285', '5', '110560', '0.62664', '0.785995', '24336', '0.648963', '23');
INSERT INTO base VALUES ('286', '6', '51790', '0.80844', '1.23913', '9067', '0.444886', '23');
INSERT INTO base VALUES ('287', '7', '162840', '0.89232', '0.629112', '6224', '1.06222', '23');
INSERT INTO base VALUES ('288', '8', '110570', '0.85896', '1.25013', '29373', '0.664884', '23');
INSERT INTO base VALUES ('289', '9', '288400', '0.75923', '0.644776', '10876', '0.530441', '23');
INSERT INTO base VALUES ('290', '10', '607200', '1.16725', '0.510048', '99748', '0.87353', '23');
INSERT INTO base VALUES ('291', '11', '51810', '0.98739', '0.794464', '5970', '0.573648', '23');
INSERT INTO base VALUES ('292', '12', '71955', '1.50547', '1.31032', '76656', '0.601315', '23');
INSERT INTO base VALUES ('293', '13', '76570', '1.53548', '1.03642', '55605', '0.766696', '23');
INSERT INTO base VALUES ('294', '14', '119060', '1.27363', '1.18906', '19497', '0.391305', '23');
INSERT INTO base VALUES ('295', '15', '129790', '1.01361', '0.622666', '16404', '0.433755', '23');
INSERT INTO base VALUES ('296', '16', '806320', '1.52214', '1.23794', '138006', '0.579656', '23');
INSERT INTO base VALUES ('297', '17', '90130', '0.76751', '1.00928', '11580', '0.965304', '23');
INSERT INTO base VALUES ('298', '18', '789720', '0.7545', '0.783686', '33114', '0.896103', '23');
INSERT INTO base VALUES ('299', '19', '257370', '1.39013', '0.492107', '62646', '0.93696', '23');
INSERT INTO base VALUES ('300', '20', '202560', '0.696125', '0.882705', '14432', '0.491843', '23');
INSERT INTO base VALUES ('301', '1', '111090', '0.76308', '1.10279', '14562', '0.75648', '24');
INSERT INTO base VALUES ('302', '2', '369160', '0.6942', '0.885785', '31134', '0.344128', '24');
INSERT INTO base VALUES ('303', '3', '189690', '1.24188', '0.921655', '48805', '0.885808', '24');
INSERT INTO base VALUES ('304', '4', '780325', '1.50384', '0.622625', '51310', '0.94801', '24');
INSERT INTO base VALUES ('305', '5', '110670', '1.6674', '0.483735', '19152', '0.474705', '24');
INSERT INTO base VALUES ('306', '6', '52745', '1.34652', '1.0347', '7535', '0.491107', '24');
INSERT INTO base VALUES ('307', '7', '289640', '1.08048', '0.511368', '7458', '0.827893', '24');
INSERT INTO base VALUES ('308', '8', '76010', '1.5012', '1.23482', '36162', '0.712626', '24');
INSERT INTO base VALUES ('309', '9', '370895', '0.939435', '0.622952', '14759', '0.466541', '24');
INSERT INTO base VALUES ('310', '10', '512800', '1.462', '0.877096', '156937', '0.52682', '24');
INSERT INTO base VALUES ('311', '11', '134730', '0.864225', '0.86592', '11324', '0.61438', '24');
INSERT INTO base VALUES ('312', '12', '27990', '1.50811', '0.554752', '40448', '0.90168', '24');
INSERT INTO base VALUES ('313', '13', '79050', '0.816155', '0.805432', '40735', '0.322672', '24');
INSERT INTO base VALUES ('314', '14', '80020', '1.06984', '1.13419', '39231', '0.802275', '24');
INSERT INTO base VALUES ('315', '15', '90920', '1.38196', '0.498166', '12534', '0.900081', '24');
INSERT INTO base VALUES ('316', '16', '1143760', '1.12849', '1.23911', '125609', '0.911988', '24');
INSERT INTO base VALUES ('317', '17', '121720', '0.692415', '0.541409', '10566', '0.663408', '24');
INSERT INTO base VALUES ('318', '18', '607320', '1.80138', '0.860793', '20610', '0.676959', '24');
INSERT INTO base VALUES ('319', '19', '424110', '1.68375', '0.909016', '38808', '0.876224', '24');
INSERT INTO base VALUES ('320', '20', '196575', '1.16775', '1.12498', '15096', '0.542229', '24');
INSERT INTO base VALUES ('321', '1', '55770', '0.93252', '1.03921', '8213', '0.75708', '25');
INSERT INTO base VALUES ('322', '2', '307920', '0.98736', '0.939675', '31452', '0.822784', '25');
INSERT INTO base VALUES ('323', '3', '126570', '1.35516', '0.86853', '26680', '0.575652', '25');
INSERT INTO base VALUES ('324', '4', '338845', '1.14564', '0.51204', '87180', '0.52409', '25');
INSERT INTO base VALUES ('325', '5', '128590', '0.71172', '0.850255', '16828', '0.840042', '25');
INSERT INTO base VALUES ('326', '6', '60225', '1.32828', '1.00399', '12732', '0.677837', '25');
INSERT INTO base VALUES ('327', '7', '225800', '0.94452', '0.514096', '9663', '0.602323', '25');
INSERT INTO base VALUES ('328', '8', '97620', '0.78792', '0.475728', '36708', '1.06259', '25');
INSERT INTO base VALUES ('329', '9', '405510', '1.55745', '0.617936', '8909', '0.944513', '25');
INSERT INTO base VALUES ('330', '10', '1419600', '1.60126', '0.889592', '83380', '0.68621', '25');
INSERT INTO base VALUES ('331', '11', '100390', '1.15196', '0.461824', '12262', '0.462536', '25');
INSERT INTO base VALUES ('332', '12', '50635', '1.36747', '1.27873', '68040', '0.93002', '25');
INSERT INTO base VALUES ('333', '13', '91440', '1.13793', '0.865773', '43620', '0.297024', '25');
INSERT INTO base VALUES ('334', '14', '104800', '1.39242', '0.458077', '40557', '0.582654', '25');
INSERT INTO base VALUES ('335', '15', '94950', '1.17748', '0.979649', '14314', '0.872361', '25');
INSERT INTO base VALUES ('336', '16', '854400', '0.727605', '0.820372', '68651', '0.393547', '25');
INSERT INTO base VALUES ('337', '17', '76180', '1.70614', '1.0004', '11178', '0.496944', '25');
INSERT INTO base VALUES ('338', '18', '378840', '1.67875', '1.01617', '15660', '0.814476', '25');
INSERT INTO base VALUES ('339', '19', '314280', '0.69475', '1.08722', '65718', '0.866176', '25');
INSERT INTO base VALUES ('340', '20', '77775', '1.09938', '0.717452', '12216', '0.444324', '25');
INSERT INTO base VALUES ('341', '1', '88120', '1.18392', '0.512295', '6371', '0.43752', '26');
INSERT INTO base VALUES ('342', '2', '311400', '1.464', '0.633335', '15774', '0.563904', '26');
INSERT INTO base VALUES ('343', '3', '175230', '0.92808', '0.567545', '27275', '0.509278', '26');
INSERT INTO base VALUES ('344', '4', '612495', '1.66092', '0.956505', '134760', '0.61243', '26');
INSERT INTO base VALUES ('345', '5', '81810', '0.8826', '1.15813', '19006', '0.513828', '26');
INSERT INTO base VALUES ('346', '6', '31390', '0.84432', '0.485584', '6355', '0.956015', '26');
INSERT INTO base VALUES ('347', '7', '290400', '1.7202', '0.910712', '13105', '0.827236', '26');
INSERT INTO base VALUES ('348', '8', '52200', '1.27236', '0.532224', '27210', '1.08237', '26');
INSERT INTO base VALUES ('349', '9', '417725', '1.554', '0.986216', '6335', '0.7029', '26');
INSERT INTO base VALUES ('350', '10', '602400', '0.788095', '1.01323', '98417', '0.97286', '26');
INSERT INTO base VALUES ('351', '11', '129970', '1.35666', '0.83644', '11257', '0.661504', '26');
INSERT INTO base VALUES ('352', '12', '51150', '1.32836', '0.97944', '117912', '0.659815', '26');
INSERT INTO base VALUES ('353', '13', '53830', '0.86227', '1.16781', '57855', '0.667352', '26');
INSERT INTO base VALUES ('354', '14', '144810', '1.55285', '0.784682', '44463', '0.449046', '26');
INSERT INTO base VALUES ('355', '15', '149780', '0.80316', '0.623745', '24302', '0.870093', '26');
INSERT INTO base VALUES ('356', '16', '632000', '1.08756', '0.569629', '149138', '0.686378', '26');
INSERT INTO base VALUES ('357', '17', '114850', '1.56446', '0.819376', '9584', '0.51948', '26');
INSERT INTO base VALUES ('358', '18', '621720', '0.90925', '0.987119', '28239', '0.472374', '26');
INSERT INTO base VALUES ('359', '19', '224760', '1.11962', '1.02223', '35898', '0.568128', '26');
INSERT INTO base VALUES ('360', '20', '224160', '1.60325', '1.08141', '15940', '0.607926', '26');
INSERT INTO base VALUES ('361', '1', '148180', '1.67136', '1.0291', '9575', '0.64668', '2');
INSERT INTO base VALUES ('362', '2', '546600', '1.34436', '0.66742', '35367', '0.596864', '2');
INSERT INTO base VALUES ('363', '3', '216360', '1.4226', '1.23684', '53475', '1.04889', '2');
INSERT INTO base VALUES ('364', '4', '736060', '1.50492', '0.725475', '114890', '0.42119', '2');
INSERT INTO base VALUES ('365', '5', '81720', '1.62612', '1.19867', '25962', '0.33075', '2');
INSERT INTO base VALUES ('366', '6', '43485', '1.76928', '0.967472', '12500', '0.669246', '2');
INSERT INTO base VALUES ('367', '7', '203880', '1.73952', '0.575168', '10184', '0.84753', '2');
INSERT INTO base VALUES ('368', '8', '56150', '1.68228', '1.29448', '32232', '0.718466', '2');
INSERT INTO base VALUES ('369', '9', '451675', '1.00108', '1.04289', '7680', '0.544286', '2');
INSERT INTO base VALUES ('370', '10', '951400', '1.5832', '0.98252', '144903', '1.03544', '2');
INSERT INTO base VALUES ('371', '11', '51620', '0.690115', '0.989472', '12003', '0.449004', '2');
INSERT INTO base VALUES ('372', '12', '50330', '0.667115', '1.29096', '75688', '0.806455', '2');
INSERT INTO base VALUES ('373', '13', '149770', '1.60735', '1.02281', '56980', '0.553112', '2');
INSERT INTO base VALUES ('374', '14', '117080', '1.07617', '0.717535', '18357', '0.732678', '2');
INSERT INTO base VALUES ('375', '15', '55250', '1.29525', '0.461895', '22462', '0.7749', '2');
INSERT INTO base VALUES ('376', '16', '772480', '1.46947', '0.704255', '135520', '0.576114', '2');
INSERT INTO base VALUES ('377', '17', '118810', '1.58792', '1.16017', '10726', '0.858888', '2');
INSERT INTO base VALUES ('378', '18', '751080', '1.84987', '0.598596', '35694', '0.678684', '2');
INSERT INTO base VALUES ('379', '19', '302520', '0.84575', '1.05501', '47610', '0.385152', '2');
INSERT INTO base VALUES ('380', '20', '113505', '0.660125', '1.13818', '10732', '0.582916', '2');
INSERT INTO base VALUES ('381', '1', '75740', '0.83424', '1.22052', '12301', '0.5688', '3');
INSERT INTO base VALUES ('382', '2', '520240', '1.25928', '1.14078', '19968', '0.493376', '3');
INSERT INTO base VALUES ('383', '3', '104850', '1.07124', '0.91443', '60980', '1.08501', '3');
INSERT INTO base VALUES ('384', '4', '335855', '0.9198', '0.48943', '138090', '0.65632', '3');
INSERT INTO base VALUES ('385', '5', '74740', '1.02528', '1.04949', '17286', '0.936747', '3');
INSERT INTO base VALUES ('386', '6', '50980', '1.6338', '0.63184', '9116', '0.358195', '3');
INSERT INTO base VALUES ('387', '7', '208660', '1.54092', '1.09912', '11568', '0.874978', '3');
INSERT INTO base VALUES ('388', '8', '145590', '1.62132', '1.29994', '30333', '0.896367', '3');
INSERT INTO base VALUES ('389', '9', '289730', '1.28892', '0.65208', '11700', '0.988178', '3');
INSERT INTO base VALUES ('390', '10', '669800', '1.45958', '0.46948', '144408', '0.40285', '3');
INSERT INTO base VALUES ('391', '11', '139570', '0.67712', '1.23499', '5655', '0.7038', '3');
INSERT INTO base VALUES ('392', '12', '55545', '0.66953', '0.780208', '60400', '0.6461', '3');
INSERT INTO base VALUES ('393', '13', '94970', '0.87975', '1.12897', '71885', '0.71456', '3');
INSERT INTO base VALUES ('394', '14', '135650', '1.05869', '0.820787', '43728', '0.28728', '3');
INSERT INTO base VALUES ('395', '15', '115900', '1.66554', '1.15196', '12964', '0.694323', '3');
INSERT INTO base VALUES ('396', '16', '710000', '1.11527', '0.871085', '111045', '0.545237', '3');
INSERT INTO base VALUES ('397', '17', '130760', '1.21394', '0.546555', '8267', '0.929016', '3');
INSERT INTO base VALUES ('398', '18', '842220', '1.3225', '0.614532', '29640', '0.659364', '3');
INSERT INTO base VALUES ('399', '19', '426510', '1.79912', '1.18076', '88266', '0.938496', '3');
INSERT INTO base VALUES ('400', '20', '79260', '1.25863', '0.893993', '23190', '0.419131', '3');
INSERT INTO base VALUES ('401', '1', '59860', '1.66536', '1.27407', '9571', '0.55422', '4');
INSERT INTO base VALUES ('402', '2', '460040', '0.91488', '0.58276', '19485', '0.876416', '4');
INSERT INTO base VALUES ('403', '3', '211500', '0.96', '0.98158', '54125', '1.09232', '4');
INSERT INTO base VALUES ('404', '4', '496470', '1.7742', '1.13534', '143580', '0.61194', '4');
INSERT INTO base VALUES ('405', '5', '99160', '1.12404', '0.95319', '22736', '0.84357', '4');
INSERT INTO base VALUES ('406', '6', '62080', '0.948', '1.15632', '13869', '0.74479', '4');
INSERT INTO base VALUES ('407', '7', '200280', '1.215', '0.870936', '6104', '0.706567', '4');
INSERT INTO base VALUES ('408', '8', '93860', '0.94752', '1.0186', '30546', '0.974404', '4');
INSERT INTO base VALUES ('409', '9', '413945', '0.943575', '1.17225', '7573', '0.436721', '4');
INSERT INTO base VALUES ('410', '10', '1387300', '1.41416', '0.557392', '84018', '0.94395', '4');
INSERT INTO base VALUES ('411', '11', '87340', '0.993715', '1.22866', '9277', '0.742832', '4');
INSERT INTO base VALUES ('412', '12', '70425', '1.7058', '0.728024', '95320', '0.40157', '4');
INSERT INTO base VALUES ('413', '13', '86110', '1.63116', '1.02912', '69495', '0.555352', '4');
INSERT INTO base VALUES ('414', '14', '90790', '1.6269', '0.981392', '28707', '0.48678', '4');
INSERT INTO base VALUES ('415', '15', '111000', '1.65301', '0.966203', '21872', '0.647451', '4');
INSERT INTO base VALUES ('416', '16', '1124240', '1.3938', '0.673877', '128458', '0.580503', '4');
INSERT INTO base VALUES ('417', '17', '134360', '0.885385', '1.23247', '5544', '0.65808', '4');
INSERT INTO base VALUES ('418', '18', '669780', '0.982125', '0.866686', '24894', '0.769695', '4');
INSERT INTO base VALUES ('419', '19', '328230', '1.83788', '0.527299', '54804', '0.540416', '4');
INSERT INTO base VALUES ('420', '20', '165450', '1.217', '0.902957', '23188', '0.36539', '4');
INSERT INTO base VALUES ('421', '1', '123110', '1.00308', '0.54026', '9400', '0.47058', '5');
INSERT INTO base VALUES ('422', '2', '317720', '1.608', '0.840735', '43947', '0.839808', '5');
INSERT INTO base VALUES ('423', '3', '123420', '1.42068', '0.73049', '33890', '0.583198', '5');
INSERT INTO base VALUES ('424', '4', '689260', '1.15224', '0.65484', '126250', '0.85722', '5');
INSERT INTO base VALUES ('425', '5', '104100', '1.17444', '0.54366', '10612', '0.451458', '5');
INSERT INTO base VALUES ('426', '6', '49780', '1.581', '0.894784', '8801', '0.811885', '5');
INSERT INTO base VALUES ('427', '7', '251840', '1.76004', '1.09384', '8042', '0.688755', '5');
INSERT INTO base VALUES ('428', '8', '89540', '0.63156', '0.621808', '25455', '0.441212', '5');
INSERT INTO base VALUES ('429', '9', '498925', '1.64519', '0.919424', '9443', '0.928325', '5');
INSERT INTO base VALUES ('430', '10', '593800', '1.65485', '0.563024', '161183', '0.59724', '5');
INSERT INTO base VALUES ('431', '11', '61800', '1.00591', '0.833448', '12350', '0.804984', '5');
INSERT INTO base VALUES ('432', '12', '38305', '1.53134', '0.564344', '90816', '0.43407', '5');
INSERT INTO base VALUES ('433', '13', '105230', '1.26696', '0.980396', '30665', '0.774536', '5');
INSERT INTO base VALUES ('434', '14', '53580', '1.1178', '1.0663', '15513', '0.469965', '5');
INSERT INTO base VALUES ('435', '15', '141890', '1.1469', '1.17229', '14834', '0.847917', '5');
INSERT INTO base VALUES ('436', '16', '532640', '0.591215', '1.22176', '125059', '0.724724', '5');
INSERT INTO base VALUES ('437', '17', '114250', '1.66037', '0.434339', '6921', '0.534456', '5');
INSERT INTO base VALUES ('438', '18', '399780', '0.739125', '1.00712', '15648', '0.390885', '5');
INSERT INTO base VALUES ('439', '19', '247410', '0.8425', '1.18267', '79584', '0.411008', '5');
INSERT INTO base VALUES ('440', '20', '189720', '0.7575', '0.711476', '15862', '0.314455', '5');
INSERT INTO base VALUES ('441', '1', '128840', '1.75056', '0.92276', '9215', '0.44868', '6');
INSERT INTO base VALUES ('442', '2', '365920', '1.66992', '1.12098', '44211', '0.828288', '6');
INSERT INTO base VALUES ('443', '3', '176145', '1.06248', '1.22341', '50745', '0.610764', '6');
INSERT INTO base VALUES ('444', '4', '558155', '0.90288', '0.7786', '146520', '0.73206', '6');
INSERT INTO base VALUES ('445', '5', '73300', '0.62436', '1.16297', '19502', '0.628173', '6');
INSERT INTO base VALUES ('446', '6', '61620', '1.6422', '0.50556', '8628', '0.502183', '6');
INSERT INTO base VALUES ('447', '7', '130660', '1.62888', '0.52624', '12961', '0.994041', '6');
INSERT INTO base VALUES ('448', '8', '115860', '1.287', '1.13502', '38580', '0.709779', '6');
INSERT INTO base VALUES ('449', '9', '175420', '1.62736', '0.935', '7003', '0.522915', '6');
INSERT INTO base VALUES ('450', '10', '935700', '1.26419', '0.663608', '164593', '0.42441', '6');
INSERT INTO base VALUES ('451', '11', '140290', '1.65542', '0.759088', '7149', '0.52972', '6');
INSERT INTO base VALUES ('452', '12', '57010', '1.56918', '0.745448', '114600', '0.489905', '6');
INSERT INTO base VALUES ('453', '13', '79550', '0.682065', '0.901214', '40365', '0.666624', '6');
INSERT INTO base VALUES ('454', '14', '56630', '0.7176', '0.656945', '18852', '0.792072', '6');
INSERT INTO base VALUES ('455', '15', '74030', '0.575805', '0.95948', '14328', '0.717885', '6');
INSERT INTO base VALUES ('456', '16', '938240', '0.849965', '0.890756', '84007', '1.004', '6');
INSERT INTO base VALUES ('457', '17', '58950', '0.59156', '1.07053', '12727', '0.997992', '6');
INSERT INTO base VALUES ('458', '18', '675000', '0.64075', '1.0116', '16716', '0.899829', '6');
INSERT INTO base VALUES ('459', '19', '329490', '0.656', '0.827178', '75594', '0.321408', '6');
INSERT INTO base VALUES ('460', '20', '163920', '1.84825', '0.763102', '21660', '0.746396', '6');
INSERT INTO base VALUES ('461', '1', '142990', '1.4274', '0.665635', '6235', '0.34008', '7');
INSERT INTO base VALUES ('462', '2', '426760', '1.19868', '0.621435', '18189', '0.340544', '7');
INSERT INTO base VALUES ('463', '3', '190380', '1.43772', '0.7174', '47235', '0.751597', '7');
INSERT INTO base VALUES ('464', '4', '904020', '1.01796', '0.75242', '85050', '0.68579', '7');
INSERT INTO base VALUES ('465', '5', '93050', '1.02504', '1.08757', '20410', '0.359667', '7');
INSERT INTO base VALUES ('466', '6', '31715', '1.2402', '1.15808', '12064', '0.594909', '7');
INSERT INTO base VALUES ('467', '7', '122640', '1.68972', '0.847968', '9663', '0.736424', '7');
INSERT INTO base VALUES ('468', '8', '100910', '1.51284', '0.674696', '29964', '0.95046', '7');
INSERT INTO base VALUES ('469', '9', '450240', '1.29858', '1.2327', '11516', '0.514466', '7');
INSERT INTO base VALUES ('470', '10', '1383700', '0.77648', '0.559416', '98956', '0.6104', '7');
INSERT INTO base VALUES ('471', '11', '116400', '1.49431', '0.67408', '8080', '0.599624', '7');
INSERT INTO base VALUES ('472', '12', '48470', '1.33297', '1.02124', '112920', '0.83733', '7');
INSERT INTO base VALUES ('473', '13', '94070', '1.30203', '0.824439', '52480', '0.50764', '7');
INSERT INTO base VALUES ('474', '14', '120160', '0.59547', '0.814645', '43836', '0.509694', '7');
INSERT INTO base VALUES ('475', '15', '136450', '0.601795', '0.930513', '18390', '0.391167', '7');
INSERT INTO base VALUES ('476', '16', '927440', '1.31134', '0.893329', '143836', '0.757988', '7');
INSERT INTO base VALUES ('477', '17', '92660', '1.46844', '1.11212', '5738', '0.758592', '7');
INSERT INTO base VALUES ('478', '18', '825180', '1.51013', '0.455006', '38448', '0.926118', '7');
INSERT INTO base VALUES ('479', '19', '296280', '1.71975', '0.50879', '38766', '0.74592', '7');
INSERT INTO base VALUES ('480', '20', '136845', '1.84425', '0.623164', '18340', '0.315675', '7');
INSERT INTO base VALUES ('481', '1', '64710', '1.18944', '0.758285', '12636', '0.8814', '8');
INSERT INTO base VALUES ('482', '2', '317880', '0.64368', '0.89318', '20859', '0.520192', '8');
INSERT INTO base VALUES ('483', '3', '197415', '1.36692', '0.84949', '28590', '0.870947', '8');
INSERT INTO base VALUES ('484', '4', '506415', '1.60956', '1.09786', '127410', '0.54292', '8');
INSERT INTO base VALUES ('485', '5', '99840', '1.47432', '0.458915', '20018', '0.814716', '8');
INSERT INTO base VALUES ('486', '6', '65795', '1.00872', '1.23746', '8450', '0.375306', '8');
INSERT INTO base VALUES ('487', '7', '154880', '1.5654', '0.846384', '11471', '0.576773', '8');
INSERT INTO base VALUES ('488', '8', '146360', '1.488', '0.532664', '19077', '0.82709', '8');
INSERT INTO base VALUES ('489', '9', '426510', '1.35918', '0.865392', '6554', '0.656111', '8');
INSERT INTO base VALUES ('490', '10', '1069900', '1.66842', '0.50732', '66803', '0.52227', '8');
INSERT INTO base VALUES ('491', '11', '71800', '0.84088', '1.09437', '13988', '0.545632', '8');
INSERT INTO base VALUES ('492', '12', '41470', '0.90321', '0.461384', '60464', '0.656435', '8');
INSERT INTO base VALUES ('493', '13', '58960', '1.41347', '1.06298', '57090', '0.819952', '8');
INSERT INTO base VALUES ('494', '14', '126960', '1.41588', '1.21329', '28689', '0.797886', '8');
INSERT INTO base VALUES ('495', '15', '97190', '1.50385', '0.884863', '25160', '0.936936', '8');
INSERT INTO base VALUES ('496', '16', '857520', '0.792005', '0.942797', '81598', '0.464387', '8');
INSERT INTO base VALUES ('497', '17', '144550', '0.994405', '0.805515', '9762', '0.828', '8');
INSERT INTO base VALUES ('498', '18', '722400', '0.85025', '1.11444', '26823', '0.998568', '8');
INSERT INTO base VALUES ('499', '19', '223650', '1.70012', '0.893412', '66126', '0.895872', '8');
INSERT INTO base VALUES ('500', '20', '219690', '1.08975', '0.891835', '21294', '0.438834', '8');
INSERT INTO base VALUES ('501', '1', '88350', '1.3968', '0.45849', '10853', '0.7875', '9');
INSERT INTO base VALUES ('502', '2', '457520', '1.02504', '0.495975', '16140', '0.731136', '9');
INSERT INTO base VALUES ('503', '3', '161565', '0.76932', '1.0387', '26200', '1.00346', '9');
INSERT INTO base VALUES ('504', '4', '643565', '1.32456', '0.74715', '92010', '0.77364', '9');
INSERT INTO base VALUES ('505', '5', '70390', '0.9102', '1.00096', '18738', '0.344736', '9');
INSERT INTO base VALUES ('506', '6', '54215', '1.4064', '1.13326', '12039', '0.614789', '9');
INSERT INTO base VALUES ('507', '7', '152640', '0.67188', '1.04526', '7471', '0.749345', '9');
INSERT INTO base VALUES ('508', '8', '54090', '0.95772', '0.789184', '44646', '0.917537', '9');
INSERT INTO base VALUES ('509', '9', '398125', '1.30421', '0.922328', '8818', '0.375874', '9');
INSERT INTO base VALUES ('510', '10', '954900', '1.45027', '0.615824', '134035', '0.36358', '9');
INSERT INTO base VALUES ('511', '11', '65290', '0.965195', '1.16802', '14830', '0.759492', '9');
INSERT INTO base VALUES ('512', '12', '47610', '0.63871', '0.643896', '49480', '0.659555', '9');
INSERT INTO base VALUES ('513', '13', '88880', '0.654925', '1.0575', '34510', '0.407624', '9');
INSERT INTO base VALUES ('514', '14', '130590', '1.11584', '0.418403', '18684', '0.83163', '9');
INSERT INTO base VALUES ('515', '15', '124710', '1.15701', '0.813151', '18380', '0.684621', '9');
INSERT INTO base VALUES ('516', '16', '1019040', '0.92253', '1.15553', '120692', '0.944405', '9');
INSERT INTO base VALUES ('517', '17', '72890', '1.65841', '1.22317', '12926', '0.495864', '9');
INSERT INTO base VALUES ('518', '18', '404400', '1.34225', '1.04763', '36924', '0.951165', '9');
INSERT INTO base VALUES ('519', '19', '404160', '0.649125', '0.817716', '58374', '0.952', '9');
INSERT INTO base VALUES ('520', '20', '151365', '1.75725', '0.83166', '14630', '0.550464', '9');

-- ----------------------------
-- Table structure for `brand`
-- ----------------------------
DROP TABLE IF EXISTS `brand`;
CREATE TABLE `brand` (
  `brand_id` int(11) NOT NULL AUTO_INCREMENT,
  `brand_name` varchar(40) DEFAULT NULL,
  PRIMARY KEY (`brand_id`)
) ENGINE=MyISAM AUTO_INCREMENT=21 DEFAULT CHARSET=utf8;

-- ----------------------------
-- Records of brand
-- ----------------------------
INSERT INTO brand VALUES ('1', 'GMC\r\nJeep\r\nMG\r\n\r\n\r\n\r\n');
INSERT INTO brand VALUES ('2', 'Jeep\r\n');
INSERT INTO brand VALUES ('3', 'MG\r\n');
INSERT INTO brand VALUES ('4', '\r\n');
INSERT INTO brand VALUES ('5', '\r\n');
INSERT INTO brand VALUES ('6', '\r\n');
INSERT INTO brand VALUES ('7', '\r\n');
INSERT INTO brand VALUES ('8', '\r\n');
INSERT INTO brand VALUES ('9', '\r\n');
INSERT INTO brand VALUES ('10', '\r\n');
INSERT INTO brand VALUES ('11', '\r\n');
INSERT INTO brand VALUES ('12', '\r\n');
INSERT INTO brand VALUES ('13', '\r\n');
INSERT INTO brand VALUES ('14', '\r\n');
INSERT INTO brand VALUES ('15', '\r\n');
INSERT INTO brand VALUES ('16', '-\r\n');
INSERT INTO brand VALUES ('17', '\r\n');
INSERT INTO brand VALUES ('18', '\r\n');
INSERT INTO brand VALUES ('19', '\r\n');
INSERT INTO brand VALUES ('20', '\r\n');

-- ----------------------------
-- Table structure for `brand_industry`
-- ----------------------------
DROP TABLE IF EXISTS `brand_industry`;
CREATE TABLE `brand_industry` (
  `brand_id` int(11) NOT NULL,
  `industry_id` int(11) NOT NULL,
  PRIMARY KEY (`brand_id`)
) ENGINE=MyISAM DEFAULT CHARSET=utf8;

-- ----------------------------
-- Records of brand_industry
-- ----------------------------
INSERT INTO brand_industry VALUES ('1', '1');
INSERT INTO brand_industry VALUES ('2', '1');
INSERT INTO brand_industry VALUES ('3', '1');
INSERT INTO brand_industry VALUES ('4', '1');
INSERT INTO brand_industry VALUES ('5', '1');
INSERT INTO brand_industry VALUES ('6', '1');
INSERT INTO brand_industry VALUES ('7', '1');
INSERT INTO brand_industry VALUES ('8', '1');
INSERT INTO brand_industry VALUES ('9', '1');
INSERT INTO brand_industry VALUES ('10', '1');
INSERT INTO brand_industry VALUES ('11', '1');
INSERT INTO brand_industry VALUES ('12', '1');
INSERT INTO brand_industry VALUES ('13', '1');
INSERT INTO brand_industry VALUES ('14', '1');
INSERT INTO brand_industry VALUES ('15', '1');
INSERT INTO brand_industry VALUES ('16', '1');
INSERT INTO brand_industry VALUES ('17', '1');
INSERT INTO brand_industry VALUES ('18', '1');
INSERT INTO brand_industry VALUES ('19', '1');
INSERT INTO brand_industry VALUES ('20', '1');

-- ----------------------------
-- Table structure for `cur_quarter`
-- ----------------------------
DROP TABLE IF EXISTS `cur_quarter`;
CREATE TABLE `cur_quarter` (
  `brand_id` int(11) DEFAULT NULL,
  `asset` double DEFAULT NULL
) ENGINE=MyISAM DEFAULT CHARSET=utf8;

-- ----------------------------
-- Records of cur_quarter
-- ----------------------------
INSERT INTO cur_quarter VALUES ('1', '304.519988782606');
INSERT INTO cur_quarter VALUES ('2', '894.20880324851');
INSERT INTO cur_quarter VALUES ('3', '958.608552447802');
INSERT INTO cur_quarter VALUES ('4', '2449.82684470677');
INSERT INTO cur_quarter VALUES ('5', '413.300565895794');
INSERT INTO cur_quarter VALUES ('6', '251.942856937542');
INSERT INTO cur_quarter VALUES ('7', '453.247674744577');
INSERT INTO cur_quarter VALUES ('8', '574.974691255785');
INSERT INTO cur_quarter VALUES ('9', '593.737168973907');
INSERT INTO cur_quarter VALUES ('10', '3494.03575206161');
INSERT INTO cur_quarter VALUES ('11', '276.871685714399');
INSERT INTO cur_quarter VALUES ('12', '581.389540039337');
INSERT INTO cur_quarter VALUES ('13', '625.875115611931');
INSERT INTO cur_quarter VALUES ('14', '516.902755746204');
INSERT INTO cur_quarter VALUES ('15', '435.953906777566');
INSERT INTO cur_quarter VALUES ('16', '3118.42329517315');
INSERT INTO cur_quarter VALUES ('17', '352.724654602937');
INSERT INTO cur_quarter VALUES ('18', '1357.86044137992');
INSERT INTO cur_quarter VALUES ('19', '1284.36688371401');
INSERT INTO cur_quarter VALUES ('20', '528.665840873131');

-- ----------------------------
-- Table structure for `cur_week`
-- ----------------------------
DROP TABLE IF EXISTS `cur_week`;
CREATE TABLE `cur_week` (
  `brand_id` int(11) NOT NULL DEFAULT '0',
  `asset` double DEFAULT NULL,
  PRIMARY KEY (`brand_id`)
) ENGINE=MyISAM DEFAULT CHARSET=utf8;

-- ----------------------------
-- Records of cur_week
-- ----------------------------
INSERT INTO cur_week VALUES ('1', '11.9195892322772');
INSERT INTO cur_week VALUES ('2', '49.4903046779446');
INSERT INTO cur_week VALUES ('3', '34.9668872314957');
INSERT INTO cur_week VALUES ('4', '276.743877252865');
INSERT INTO cur_week VALUES ('5', '27.9072579771815');
INSERT INTO cur_week VALUES ('6', '8.63518304619069');
INSERT INTO cur_week VALUES ('7', '68.5822247235943');
INSERT INTO cur_week VALUES ('8', '31.509380460888');
INSERT INTO cur_week VALUES ('9', '52.1406199377147');
INSERT INTO cur_week VALUES ('10', '209.578384125696');
INSERT INTO cur_week VALUES ('11', '32.3631866014076');
INSERT INTO cur_week VALUES ('12', '70.2684835622132');
INSERT INTO cur_week VALUES ('13', '44.6753432365529');
INSERT INTO cur_week VALUES ('14', '57.9635535922433');
INSERT INTO cur_week VALUES ('15', '38.8987266478033');
INSERT INTO cur_week VALUES ('16', '195.504200861141');
INSERT INTO cur_week VALUES ('17', '26.4391331506025');
INSERT INTO cur_week VALUES ('18', '84.2541939500961');
INSERT INTO cur_week VALUES ('19', '70.7339563042889');
INSERT INTO cur_week VALUES ('20', '59.9299382254421');

-- ----------------------------
-- Table structure for `delta_quarter`
-- ----------------------------
DROP TABLE IF EXISTS `delta_quarter`;
CREATE TABLE `delta_quarter` (
  `brand_id` int(11) DEFAULT NULL,
  `delta` double(19,2) DEFAULT NULL
) ENGINE=MyISAM DEFAULT CHARSET=utf8;

-- ----------------------------
-- Records of delta_quarter
-- ----------------------------
INSERT INTO delta_quarter VALUES ('1', '-0.04');
INSERT INTO delta_quarter VALUES ('2', '-0.12');
INSERT INTO delta_quarter VALUES ('3', '-0.03');
INSERT INTO delta_quarter VALUES ('4', '-0.06');
INSERT INTO delta_quarter VALUES ('5', '0.09');
INSERT INTO delta_quarter VALUES ('6', '-0.04');
INSERT INTO delta_quarter VALUES ('7', '-0.04');
INSERT INTO delta_quarter VALUES ('8', '-0.17');
INSERT INTO delta_quarter VALUES ('9', '-0.08');
INSERT INTO delta_quarter VALUES ('10', '0.15');
INSERT INTO delta_quarter VALUES ('11', '-0.03');
INSERT INTO delta_quarter VALUES ('12', '-0.13');
INSERT INTO delta_quarter VALUES ('13', '-0.11');
INSERT INTO delta_quarter VALUES ('14', '0.06');
INSERT INTO delta_quarter VALUES ('15', '0.05');
INSERT INTO delta_quarter VALUES ('16', '-0.07');
INSERT INTO delta_quarter VALUES ('17', '0.10');
INSERT INTO delta_quarter VALUES ('18', '-0.11');
INSERT INTO delta_quarter VALUES ('19', '-0.05');
INSERT INTO delta_quarter VALUES ('20', '0.09');

-- ----------------------------
-- Table structure for `delta_week`
-- ----------------------------
DROP TABLE IF EXISTS `delta_week`;
CREATE TABLE `delta_week` (
  `brand_id` int(11) NOT NULL DEFAULT '0',
  `delta` double(19,2) DEFAULT NULL
) ENGINE=MyISAM DEFAULT CHARSET=utf8;

-- ----------------------------
-- Records of delta_week
-- ----------------------------
INSERT INTO delta_week VALUES ('1', '-0.33');
INSERT INTO delta_week VALUES ('2', '-0.41');
INSERT INTO delta_week VALUES ('3', '-0.25');
INSERT INTO delta_week VALUES ('4', '1.97');
INSERT INTO delta_week VALUES ('5', '-0.14');
INSERT INTO delta_week VALUES ('6', '-0.66');
INSERT INTO delta_week VALUES ('7', '1.78');
INSERT INTO delta_week VALUES ('8', '-0.15');
INSERT INTO delta_week VALUES ('9', '-0.07');
INSERT INTO delta_week VALUES ('10', '-0.37');
INSERT INTO delta_week VALUES ('11', '0.90');
INSERT INTO delta_week VALUES ('12', '-0.04');
INSERT INTO delta_week VALUES ('13', '0.34');
INSERT INTO delta_week VALUES ('14', '0.49');
INSERT INTO delta_week VALUES ('15', '0.08');
INSERT INTO delta_week VALUES ('16', '0.71');
INSERT INTO delta_week VALUES ('17', '0.01');
INSERT INTO delta_week VALUES ('18', '-0.05');
INSERT INTO delta_week VALUES ('19', '-0.38');
INSERT INTO delta_week VALUES ('20', '2.36');

-- ----------------------------
-- Table structure for `industry`
-- ----------------------------
DROP TABLE IF EXISTS `industry`;
CREATE TABLE `industry` (
  `industry_id` int(11) NOT NULL,
  `industry_name` varchar(255) DEFAULT NULL,
  PRIMARY KEY (`industry_id`)
) ENGINE=MyISAM DEFAULT CHARSET=utf8;

-- ----------------------------
-- Records of industry
-- ----------------------------
INSERT INTO industry VALUES ('1', '');

-- ----------------------------
-- Table structure for `last_quarter`
-- ----------------------------
DROP TABLE IF EXISTS `last_quarter`;
CREATE TABLE `last_quarter` (
  `brand_id` int(11) DEFAULT NULL,
  `asset` double DEFAULT NULL
) ENGINE=MyISAM DEFAULT CHARSET=utf8;

-- ----------------------------
-- Records of last_quarter
-- ----------------------------
INSERT INTO last_quarter VALUES ('1', '315.99940575341');
INSERT INTO last_quarter VALUES ('2', '1012.44734228163');
INSERT INTO last_quarter VALUES ('3', '984.633795803252');
INSERT INTO last_quarter VALUES ('4', '2616.81796045845');
INSERT INTO last_quarter VALUES ('5', '378.300299782934');
INSERT INTO last_quarter VALUES ('6', '261.693738838052');
INSERT INTO last_quarter VALUES ('7', '472.261844691141');
INSERT INTO last_quarter VALUES ('8', '690.504440415735');
INSERT INTO last_quarter VALUES ('9', '647.875475497576');
INSERT INTO last_quarter VALUES ('10', '3041.75996450845');
INSERT INTO last_quarter VALUES ('11', '285.746865745163');
INSERT INTO last_quarter VALUES ('12', '669.264920740061');
INSERT INTO last_quarter VALUES ('13', '703.618452272921');
INSERT INTO last_quarter VALUES ('14', '487.739724316056');
INSERT INTO last_quarter VALUES ('15', '413.527172566968');
INSERT INTO last_quarter VALUES ('16', '3354.62193584103');
INSERT INTO last_quarter VALUES ('17', '321.302106412505');
INSERT INTO last_quarter VALUES ('18', '1531.54928016421');
INSERT INTO last_quarter VALUES ('19', '1347.73248046646');
INSERT INTO last_quarter VALUES ('20', '484.654999430201');

-- ----------------------------
-- Table structure for `last_week`
-- ----------------------------
DROP TABLE IF EXISTS `last_week`;
CREATE TABLE `last_week` (
  `brand_id` int(11) NOT NULL DEFAULT '0',
  `asset` double DEFAULT NULL,
  PRIMARY KEY (`brand_id`)
) ENGINE=MyISAM DEFAULT CHARSET=utf8;

-- ----------------------------
-- Records of last_week
-- ----------------------------
INSERT INTO last_week VALUES ('1', '17.9020551514145');
INSERT INTO last_week VALUES ('2', '83.9677742417621');
INSERT INTO last_week VALUES ('3', '46.7117404212653');
INSERT INTO last_week VALUES ('4', '93.0653445510948');
INSERT INTO last_week VALUES ('5', '32.3891517597566');
INSERT INTO last_week VALUES ('6', '25.710429567243');
INSERT INTO last_week VALUES ('7', '24.6695043536919');
INSERT INTO last_week VALUES ('8', '36.8937394244278');
INSERT INTO last_week VALUES ('9', '55.9625380255431');
INSERT INTO last_week VALUES ('10', '332.176458595887');
INSERT INTO last_week VALUES ('11', '16.9963125070756');
INSERT INTO last_week VALUES ('12', '73.0972338708498');
INSERT INTO last_week VALUES ('13', '33.3630396621814');
INSERT INTO last_week VALUES ('14', '38.8126544942046');
INSERT INTO last_week VALUES ('15', '36.1151229160361');
INSERT INTO last_week VALUES ('16', '114.631940172699');
INSERT INTO last_week VALUES ('17', '26.2452232378586');
INSERT INTO last_week VALUES ('18', '88.6622940261283');
INSERT INTO last_week VALUES ('19', '113.520959465186');
INSERT INTO last_week VALUES ('20', '17.81983987801');

-- ----------------------------
-- Table structure for `weeks`
-- ----------------------------
DROP TABLE IF EXISTS `weeks`;
CREATE TABLE `weeks` (
  `week_id` int(11) NOT NULL DEFAULT '0',
  `start_date` date DEFAULT NULL,
  `end_date` date DEFAULT NULL,
  PRIMARY KEY (`week_id`)
) ENGINE=MyISAM DEFAULT CHARSET=utf8;

-- ----------------------------
-- Records of weeks
-- ----------------------------
INSERT INTO weeks VALUES ('1', '2013-11-04', '2013-11-10');
INSERT INTO weeks VALUES ('2', '2013-11-11', '2013-11-17');
INSERT INTO weeks VALUES ('3', '2013-11-18', '2013-11-24');
INSERT INTO weeks VALUES ('4', '2013-11-25', '2013-12-01');
INSERT INTO weeks VALUES ('5', '2013-12-02', '2013-12-08');
INSERT INTO weeks VALUES ('6', '2013-12-09', '2013-12-15');
INSERT INTO weeks VALUES ('7', '2013-12-16', '2013-12-22');
INSERT INTO weeks VALUES ('8', '2013-12-23', '2013-12-29');
INSERT INTO weeks VALUES ('9', '2013-12-30', '2014-01-05');
INSERT INTO weeks VALUES ('10', '2014-01-06', '2014-01-12');
INSERT INTO weeks VALUES ('11', '2014-01-13', '2014-01-19');
INSERT INTO weeks VALUES ('12', '2014-01-20', '2014-01-26');
INSERT INTO weeks VALUES ('13', '2014-01-27', '2014-02-02');
INSERT INTO weeks VALUES ('14', '2014-02-03', '2014-02-09');
INSERT INTO weeks VALUES ('15', '2014-02-10', '2014-02-16');
INSERT INTO weeks VALUES ('16', '2014-02-17', '2014-02-23');
INSERT INTO weeks VALUES ('17', '2014-02-24', '2014-03-02');
INSERT INTO weeks VALUES ('18', '2014-03-03', '2014-03-09');
INSERT INTO weeks VALUES ('19', '2014-03-10', '2014-03-16');
INSERT INTO weeks VALUES ('20', '2014-03-17', '2014-03-23');
INSERT INTO weeks VALUES ('21', '2014-03-24', '2014-03-30');
INSERT INTO weeks VALUES ('22', '2014-03-31', '2014-04-06');
INSERT INTO weeks VALUES ('23', '2014-04-07', '2014-04-13');
INSERT INTO weeks VALUES ('24', '2014-04-14', '2014-04-20');
INSERT INTO weeks VALUES ('25', '2014-04-21', '2014-04-27');
INSERT INTO weeks VALUES ('26', '2014-04-28', '2014-05-04');

-- ----------------------------
-- View structure for `view`
-- ----------------------------
DROP VIEW IF EXISTS `view`;
CREATE ALGORITHM=UNDEFINED DEFINER=`root`@`127.0.0.1:8889` SQL SECURITY DEFINER VIEW `view` AS select `a`.`id` AS `id`,`b`.`industry_name` AS `industry_name`,`a`.`brand_id` AS `brand_id`,`a`.`attention` AS `attention`,`a`.`involve` AS `involve`,`a`.`asso` AS `asso`,`a`.`content` AS `content`,`a`.`impress` AS `impress`,`a`.`week_id` AS `week_id`,`c`.`brand_name` AS `brand_name`,((`a`.`attention` * `a`.`involve`) * `a`.`asso`) AS `connect`,(`a`.`content` * `a`.`impress`) AS `store`,(sqrt(((((`a`.`attention` * `a`.`involve`) * `a`.`asso`) * `a`.`content`) * `a`.`impress`)) / 1024) AS `asset`,`d`.`start_date` AS `start_date`,`d`.`end_date` AS `end_date` from ((((`base` `a` join `brand` `c`) join `industry` `b`) join `brand_industry` `x`) join `weeks` `d`) where ((`a`.`brand_id` = `c`.`brand_id`) and (`a`.`brand_id` = `x`.`brand_id`) and (`x`.`industry_id` = `b`.`industry_id`) and (`a`.`week_id` = `d`.`week_id`));
